,precision,recall,f1-score,support
OV,0.0,0.0,0.0,0.0
SOV,0.0,0.0,0.0,0.0
SV,0.0,0.0,0.0,1457.0
SVO,0.46911913601079985,0.9138724523339908,0.6199821587867975,1521.0
V,0.0,0.0,0.0,186.0
VO,0.0,0.0,0.0,136.0
accuracy,0.4212121212121212,0.4212121212121212,0.4212121212121212,0.4212121212121212
macro avg,0.07818652266846664,0.15231207538899846,0.10333035979779959,3300.0
weighted avg,0.21622127450679593,0.4212121212121212,0.2857554131862785,3300.0
